# RM6: Backward Bent Duct Buoy Floating Oscillating Water Column, Wells Air Turbine, characteristic diameter 27 m, unballasted structural mass 1809 t, floating foundation, slack mooring, A36 Steel
# Source: National Laboratory of the Rockies (NLR) System Advisor Model (SAM) 2025.4.16, libraries/Wave Energy Converters.csv, BSD-3-Clause, https://github.com/NatLabRockies/SAM
# First row: Te bin centers [s]; first column: Hs bin centers [m]; body: device power [kW]
0,0.5,1.5,2.5,3.5,4.5,5.5,6.5,7.5,8.5,9.5,10.5,11.5,12.5,13.5,14.5,15.5,16.5,17.5,18.5,19.5,20.5
0.25,0,0,0,0,0,0,0,0,0,0,0,0,0,0,0,0,0,0,0,0,0
0.75,0,0,0,0,0,0,0,0,0,0,0,0,0,0.2,0.2,0.2,0.2,0.1,0.1,0,0
1.25,0,0,0,0,0,0,0,0,4.3,14.7,19,21.3,18.8,16.2,13,10.1,7.6,5.7,4.2,3.1,0
1.75,0,0,0,0,0,0,0.2,35.2,68.4,75.1,70.9,64.1,55.3,46.6,38.3,30.8,24.1,18.9,14.8,11.6,0
2.25,0,0,0,0,0,0.1,26.6,128.3,145.6,142,132.2,120,106.1,91.4,76.1,61.2,48.8,39.2,31.4,25.1,0
2.75,0,0,0,0,1.6,0.6,121.3,215.7,229,219.9,202.5,182,159.3,137.2,117,98.4,81.5,65.3,52.4,42,0
3.25,0,0,0,0,19.8,36.5,212.4,288.1,321.7,305,278.8,250.2,220.9,188.3,159.8,133.6,110.3,93.2,77.3,64.1,0
3.75,0,0,0,0,46.3,120.2,212.4,288.1,338.7,350.5,348.6,319.8,278.8,237.8,202.8,170.4,140.7,119.9,101.5,86,0
4.25,0,0,0,0,84.7,142.3,212.4,288.1,338.7,350.5,344.8,350.3,337.8,284.8,233.4,186.4,149.2,129.5,112.8,98.3,0
4.75,0,0,0,0,114,142.3,212.4,288.1,338.7,350.5,344.8,339.7,349.9,289.4,241.1,196,160.2,137.8,118,101.1,0
5.25,0,0,0,0,114,142.3,212.4,288.1,338.7,350.5,344.8,339.7,350.1,309.3,261.9,206.1,172.1,146.6,123.5,104,0
5.75,0,0,0,0,114,142.3,212.4,288.1,338.7,350.5,344.8,339.7,350.1,276.1,217.7,216.8,184.8,156,129.2,107,0
6.25,0,0,0,0,114,142.3,212.4,288.1,338.7,350.5,344.8,339.7,350.1,276.1,217.7,205.4,189.1,169.8,153.4,145.6,0
6.75,0,0,0,0,114,142.3,212.4,288.1,338.7,350.5,344.8,339.7,350.1,276.1,217.7,205.9,193.4,181.1,171.3,166.9,0
7.25,0,0,0,0,114,142.3,212.4,288.1,338.7,350.5,344.8,339.7,350.1,276.1,217.7,207.9,198.3,189.8,183.5,180.7,0
7.75,0,0,0,0,114,142.3,212.4,288.1,338.7,350.5,344.8,339.7,350.1,276.1,217.7,209.9,202.5,196.3,191.9,190,0
8.25,0,0,0,0,114,142.3,212.4,288.1,338.7,350.5,344.8,339.7,350.1,276.1,217.7,211.4,205.7,200.9,197.6,196.2,0
8.75,0,0,0,0,114,142.3,212.4,288.1,338.7,350.5,344.8,339.7,350.1,276.1,217.7,212.5,207.8,204,201.4,200.3,0
9.25,0,0,0,0,114,142.3,212.4,288.1,338.7,350.5,344.8,339.7,350.1,276.1,217.7,213.2,209.1,205.8,203.5,202.6,0
9.75,0,0,0,0,114,142.3,212.4,288.1,338.7,350.5,344.8,339.7,350.1,276.1,217.7,213.4,209.6,206.5,204.4,203.5,0
